{
  "HTTP Request-1" : {
    "transaction" : "HTTP Request-1",
    "sampleCount" : 600,
    "errorCount" : 171,
    "errorPct" : 28.5,
    "meanResTime" : 5077.438333333343,
    "medianResTime" : 5726.0,
    "minResTime" : 74.0,
    "maxResTime" : 13918.0,
    "pct1ResTime" : 10201.299999999997,
    "pct2ResTime" : 11779.649999999998,
    "pct3ResTime" : 12815.94,
    "throughput" : 12.514861397910018,
    "receivedKBytesPerSec" : 1002.8806179994995,
    "sentKBytesPerSec" : 1.4054775983980978
  },
  "Total" : {
    "transaction" : "Total",
    "sampleCount" : 1800,
    "errorCount" : 342,
    "errorPct" : 19.0,
    "meanResTime" : 3498.2055555555557,
    "medianResTime" : 1020.0,
    "minResTime" : 64.0,
    "maxResTime" : 14658.0,
    "pct1ResTime" : 8687.6,
    "pct2ResTime" : 11074.549999999996,
    "pct3ResTime" : 12684.640000000001,
    "throughput" : 37.256281823074055,
    "receivedKBytesPerSec" : 2054.970722125057,
    "sentKBytesPerSec" : 5.505973941300658
  },
  "HTTP Request-0" : {
    "transaction" : "HTTP Request-0",
    "sampleCount" : 600,
    "errorCount" : 0,
    "errorPct" : 0.0,
    "meanResTime" : 169.8266666666667,
    "medianResTime" : 89.5,
    "minResTime" : 64.0,
    "maxResTime" : 5520.0,
    "pct1ResTime" : 310.69999999999993,
    "pct2ResTime" : 576.6499999999995,
    "pct3ResTime" : 899.9100000000001,
    "throughput" : 12.629451881788329,
    "receivedKBytesPerSec" : 32.8538828328913,
    "sentKBytesPerSec" : 1.3813462995705985
  },
  "HTTP Request" : {
    "transaction" : "HTTP Request",
    "sampleCount" : 600,
    "errorCount" : 171,
    "errorPct" : 28.5,
    "meanResTime" : 5247.351666666665,
    "medianResTime" : 5889.5,
    "minResTime" : 143.0,
    "maxResTime" : 14658.0,
    "pct1ResTime" : 10467.899999999996,
    "pct2ResTime" : 11944.199999999997,
    "pct3ResTime" : 13416.300000000001,
    "throughput" : 12.418760607691352,
    "receivedKBytesPerSec" : 1027.4853610625285,
    "sentKBytesPerSec" : 2.752986970650329
  }
}